areaCode,areaName,areaType,date,changeInNewDeaths28DaysByDeathDate,newCasesByPublishDate,newPeopleVaccinatedSecondDoseByPublishDate,newPeopleVaccinatedThirdInjectionByPublishDate
N92000002,Northern Ireland,nation,2023-04-12,,,6,392
N92000002,Northern Ireland,nation,2023-04-11,,,0,0
N92000002,Northern Ireland,nation,2023-04-10,,,0,0
N92000002,Northern Ireland,nation,2023-04-09,,,1,-1
N92000002,Northern Ireland,nation,2023-04-08,,,4,0
N92000002,Northern Ireland,nation,2023-04-07,,,8,27
N92000002,Northern Ireland,nation,2023-04-06,,,7,76
N92000002,Northern Ireland,nation,2023-04-05,,,3,170
N92000002,Northern Ireland,nation,2023-04-04,,,3,6
N92000002,Northern Ireland,nation,2023-04-03,,,6,23
N92000002,Northern Ireland,nation,2023-04-02,,,4,0
N92000002,Northern Ireland,nation,2023-04-01,,,10,10
N92000002,Northern Ireland,nation,2023-03-31,,,1,-1
N92000002,Northern Ireland,nation,2023-03-30,,,5,-1
N92000002,Northern Ireland,nation,2023-03-29,,,2,3
N92000002,Northern Ireland,nation,2023-03-28,,,8,2
N92000002,Northern Ireland,nation,2023-03-27,,,5,1
N92000002,Northern Ireland,nation,2023-03-26,,,1,-9
N92000002,Northern Ireland,nation,2023-03-25,,,15,10
N92000002,Northern Ireland,nation,2023-03-24,,,10,3
N92000002,Northern Ireland,nation,2023-03-23,,,2,0
N92000002,Northern Ireland,nation,2023-03-22,,,11,54
N92000002,Northern Ireland,nation,2023-03-21,,,6,19
N92000002,Northern Ireland,nation,2023-03-20,,,11,-62
N92000002,Northern Ireland,nation,2023-03-19,,,14,91
N92000002,Northern Ireland,nation,2023-03-18,,,0,-104
N92000002,Northern Ireland,nation,2023-03-17,,,0,0
N92000002,Northern Ireland,nation,2023-03-16,,,2,0
N92000002,Northern Ireland,nation,2023-03-15,,,0,1
N92000002,Northern Ireland,nation,2023-03-14,,,9,0
N92000002,Northern Ireland,nation,2023-03-13,,,3,3
N92000002,Northern Ireland,nation,2023-03-12,,,2,1
N92000002,Northern Ireland,nation,2023-03-11,,,24,1
N92000002,Northern Ireland,nation,2023-03-10,,,0,0
N92000002,Northern Ireland,nation,2023-03-09,,,3,-1
N92000002,Northern Ireland,nation,2023-03-08,,,6,3
N92000002,Northern Ireland,nation,2023-03-07,,,9,0
N92000002,Northern Ireland,nation,2023-03-06,,,6,2
N92000002,Northern Ireland,nation,2023-03-05,,,0,1
N92000002,Northern Ireland,nation,2023-03-04,,,14,0
N92000002,Northern Ireland,nation,2023-03-03,,,2,0
N92000002,Northern Ireland,nation,2023-03-02,,,5,1
N92000002,Northern Ireland,nation,2023-03-01,,,9,2
N92000002,Northern Ireland,nation,2023-02-28,,,17,0
N92000002,Northern Ireland,nation,2023-02-27,,,2,0
N92000002,Northern Ireland,nation,2023-02-26,,,6,0
N92000002,Northern Ireland,nation,2023-02-25,,,15,0
N92000002,Northern Ireland,nation,2023-02-24,,,5,1
N92000002,Northern Ireland,nation,2023-02-23,,,3,0
N92000002,Northern Ireland,nation,2023-02-22,,,5,2
N92000002,Northern Ireland,nation,2023-02-21,,,2,-1
N92000002,Northern Ireland,nation,2023-02-20,,,8,1
N92000002,Northern Ireland,nation,2023-02-19,,,0,1
N92000002,Northern Ireland,nation,2023-02-18,,,19,0
N92000002,Northern Ireland,nation,2023-02-17,,,4,0
N92000002,Northern Ireland,nation,2023-02-16,,,9,1
N92000002,Northern Ireland,nation,2023-02-15,,,4,1
N92000002,Northern Ireland,nation,2023-02-14,,,3,2
N92000002,Northern Ireland,nation,2023-02-13,,,5,0
N92000002,Northern Ireland,nation,2023-02-12,,,2,-1
N92000002,Northern Ireland,nation,2023-02-11,,,18,0
N92000002,Northern Ireland,nation,2023-02-10,,,1,1
N92000002,Northern Ireland,nation,2023-02-09,,,6,0
N92000002,Northern Ireland,nation,2023-02-08,,,3,5
N92000002,Northern Ireland,nation,2023-02-07,,,3,1
N92000002,Northern Ireland,nation,2023-02-06,,,5,0
N92000002,Northern Ireland,nation,2023-02-05,,,0,-1
N92000002,Northern Ireland,nation,2023-02-04,,,115,0
N92000002,Northern Ireland,nation,2023-02-03,,,3,0
N92000002,Northern Ireland,nation,2023-02-02,,,4,0
N92000002,Northern Ireland,nation,2023-02-01,,,4,0
N92000002,Northern Ireland,nation,2023-01-31,,,16,1
N92000002,Northern Ireland,nation,2023-01-30,,,1,2
N92000002,Northern Ireland,nation,2023-01-29,,,6,1
N92000002,Northern Ireland,nation,2023-01-28,,,24,2
N92000002,Northern Ireland,nation,2023-01-27,,,4,3
N92000002,Northern Ireland,nation,2023-01-26,,,3,0
N92000002,Northern Ireland,nation,2023-01-25,,,8,0
N92000002,Northern Ireland,nation,2023-01-24,,,11,0
N92000002,Northern Ireland,nation,2023-01-23,,,6,2
N92000002,Northern Ireland,nation,2023-01-22,,,5,1
N92000002,Northern Ireland,nation,2023-01-21,,,34,0
N92000002,Northern Ireland,nation,2023-01-20,,,7,-1
N92000002,Northern Ireland,nation,2023-01-19,,,0,4
N92000002,Northern Ireland,nation,2023-01-18,,,0,0
N92000002,Northern Ireland,nation,2023-01-17,,,25,1
N92000002,Northern Ireland,nation,2023-01-16,,,6,3
N92000002,Northern Ireland,nation,2023-01-15,,,8,-1
N92000002,Northern Ireland,nation,2023-01-14,,,32,0
N92000002,Northern Ireland,nation,2023-01-13,,,17,11
N92000002,Northern Ireland,nation,2023-01-12,,,12,0
N92000002,Northern Ireland,nation,2023-01-11,,,29,1
N92000002,Northern Ireland,nation,2023-01-10,,,3,4
N92000002,Northern Ireland,nation,2023-01-09,,,3,15
N92000002,Northern Ireland,nation,2023-01-08,,,7,-1
N92000002,Northern Ireland,nation,2023-01-07,,,70,1
N92000002,Northern Ireland,nation,2023-01-06,,,0,-6
N92000002,Northern Ireland,nation,2023-01-05,,,4,10
N92000002,Northern Ireland,nation,2023-01-04,,,16,0
N92000002,Northern Ireland,nation,2023-01-03,,,9,-7
N92000002,Northern Ireland,nation,2023-01-02,,,0,10
N92000002,Northern Ireland,nation,2023-01-01,,,0,1
N92000002,Northern Ireland,nation,2022-12-31,,,0,0
N92000002,Northern Ireland,nation,2022-12-30,,,5,0
N92000002,Northern Ireland,nation,2022-12-29,,,5,1
N92000002,Northern Ireland,nation,2022-12-28,,,13,0
N92000002,Northern Ireland,nation,2022-12-27,,,0,0
N92000002,Northern Ireland,nation,2022-12-26,,,0,0
N92000002,Northern Ireland,nation,2022-12-25,,,1,-1
N92000002,Northern Ireland,nation,2022-12-24,,,0,0
N92000002,Northern Ireland,nation,2022-12-23,,,2,0
N92000002,Northern Ireland,nation,2022-12-22,,,5,0
N92000002,Northern Ireland,nation,2022-12-21,,,6,-1
N92000002,Northern Ireland,nation,2022-12-20,,,0,38
N92000002,Northern Ireland,nation,2022-12-19,,,4,1
N92000002,Northern Ireland,nation,2022-12-18,,,0,0
N92000002,Northern Ireland,nation,2022-12-17,,,26,0
N92000002,Northern Ireland,nation,2022-12-16,,,0,9
N92000002,Northern Ireland,nation,2022-12-15,,,0,6
N92000002,Northern Ireland,nation,2022-12-14,,,25,0
N92000002,Northern Ireland,nation,2022-12-13,,,11,3
N92000002,Northern Ireland,nation,2022-12-12,,,0,12
N92000002,Northern Ireland,nation,2022-12-11,,,1,-4
N92000002,Northern Ireland,nation,2022-12-10,,,1516,-1140
N92000002,Northern Ireland,nation,2022-12-09,,,0,0
N92000002,Northern Ireland,nation,2022-12-08,,,92,-82
N92000002,Northern Ireland,nation,2022-12-07,,,6,-1
N92000002,Northern Ireland,nation,2022-12-06,,,60,17
N92000002,Northern Ireland,nation,2022-12-05,,,0,0
N92000002,Northern Ireland,nation,2022-12-04,,,0,0
N92000002,Northern Ireland,nation,2022-12-03,,,0,0
N92000002,Northern Ireland,nation,2022-12-02,,,0,0
N92000002,Northern Ireland,nation,2022-12-01,,,17,6
N92000002,Northern Ireland,nation,2022-11-30,,,12,1
N92000002,Northern Ireland,nation,2022-11-29,,,5,1
N92000002,Northern Ireland,nation,2022-11-28,,,6,0
N92000002,Northern Ireland,nation,2022-11-27,,,40,1
N92000002,Northern Ireland,nation,2022-11-26,,,21,24
N92000002,Northern Ireland,nation,2022-11-25,,,7,1
N92000002,Northern Ireland,nation,2022-11-24,,,0,0
N92000002,Northern Ireland,nation,2022-11-23,,,7,0
N92000002,Northern Ireland,nation,2022-11-22,,,4,5
N92000002,Northern Ireland,nation,2022-11-21,,,14,5
N92000002,Northern Ireland,nation,2022-11-20,,,13,-3
N92000002,Northern Ireland,nation,2022-11-19,,,37,1
N92000002,Northern Ireland,nation,2022-11-18,,,79,66
N92000002,Northern Ireland,nation,2022-11-17,,,0,0
N92000002,Northern Ireland,nation,2022-11-16,,,24,4
N92000002,Northern Ireland,nation,2022-11-15,,,6,1
N92000002,Northern Ireland,nation,2022-11-14,,,0,8
N92000002,Northern Ireland,nation,2022-11-13,,,2,1
N92000002,Northern Ireland,nation,2022-11-12,,,72,11
N92000002,Northern Ireland,nation,2022-11-11,,,4,0
N92000002,Northern Ireland,nation,2022-11-10,,,11,2
N92000002,Northern Ireland,nation,2022-11-09,,,25,-1
N92000002,Northern Ireland,nation,2022-11-08,,,5,4
N92000002,Northern Ireland,nation,2022-11-07,,,8,-10
N92000002,Northern Ireland,nation,2022-11-06,,,10,2
N92000002,Northern Ireland,nation,2022-11-05,,,70,1
N92000002,Northern Ireland,nation,2022-11-04,,,12,7
N92000002,Northern Ireland,nation,2022-11-03,,,24,1
N92000002,Northern Ireland,nation,2022-11-02,,,24,0
N92000002,Northern Ireland,nation,2022-11-01,,,10,8
N92000002,Northern Ireland,nation,2022-10-31,,,19,3
N92000002,Northern Ireland,nation,2022-10-30,,,0,0
N92000002,Northern Ireland,nation,2022-10-29,,,92,2
N92000002,Northern Ireland,nation,2022-10-28,,,9,-29
N92000002,Northern Ireland,nation,2022-10-27,,,32,10
N92000002,Northern Ireland,nation,2022-10-26,,,16,1
N92000002,Northern Ireland,nation,2022-10-25,,,25,7
N92000002,Northern Ireland,nation,2022-10-24,,,14,7
N92000002,Northern Ireland,nation,2022-10-23,,,18,0
N92000002,Northern Ireland,nation,2022-10-22,,,75,4
N92000002,Northern Ireland,nation,2022-10-21,,,36,12
N92000002,Northern Ireland,nation,2022-10-20,,,22,7
N92000002,Northern Ireland,nation,2022-10-19,,,28,6
N92000002,Northern Ireland,nation,2022-10-18,,,25,9
N92000002,Northern Ireland,nation,2022-10-17,,,35,8
N92000002,Northern Ireland,nation,2022-10-16,,,18,1
N92000002,Northern Ireland,nation,2022-10-15,,,131,38
N92000002,Northern Ireland,nation,2022-10-14,,,9,23
N92000002,Northern Ireland,nation,2022-10-13,,,17,19
N92000002,Northern Ireland,nation,2022-10-12,,,26,14
N92000002,Northern Ireland,nation,2022-10-11,,,0,92
N92000002,Northern Ireland,nation,2022-10-10,,,17,11
N92000002,Northern Ireland,nation,2022-10-09,,,28,-1
N92000002,Northern Ireland,nation,2022-10-08,,,171,1
N92000002,Northern Ireland,nation,2022-10-07,,,15,10
N92000002,Northern Ireland,nation,2022-10-06,,,18,23
N92000002,Northern Ireland,nation,2022-10-05,,,20,18
N92000002,Northern Ireland,nation,2022-10-04,,,9,96
N92000002,Northern Ireland,nation,2022-10-03,,,10,17
N92000002,Northern Ireland,nation,2022-10-02,,,28,1
N92000002,Northern Ireland,nation,2022-10-01,,,130,0
N92000002,Northern Ireland,nation,2022-09-30,,,7,4
N92000002,Northern Ireland,nation,2022-09-29,,,12,15
N92000002,Northern Ireland,nation,2022-09-28,,,35,12
N92000002,Northern Ireland,nation,2022-09-27,,,3,-2
N92000002,Northern Ireland,nation,2022-09-26,,,4,22
N92000002,Northern Ireland,nation,2022-09-25,,,14,-141456
N92000002,Northern Ireland,nation,2022-09-24,,,105,959
N92000002,Northern Ireland,nation,2022-09-23,,,21,1624
N92000002,Northern Ireland,nation,2022-09-22,,,21,1717
N92000002,Northern Ireland,nation,2022-09-21,,,22,888
N92000002,Northern Ireland,nation,2022-09-20,,,24,702
N92000002,Northern Ireland,nation,2022-09-19,,,1,72
N92000002,Northern Ireland,nation,2022-09-18,,,13,105
N92000002,Northern Ireland,nation,2022-09-17,,,114,103
N92000002,Northern Ireland,nation,2022-09-16,,,12,80
N92000002,Northern Ireland,nation,2022-09-15,,,23,143
N92000002,Northern Ireland,nation,2022-09-14,,,18,96
N92000002,Northern Ireland,nation,2022-09-13,,,13,129
N92000002,Northern Ireland,nation,2022-09-12,,,46,80
N92000002,Northern Ireland,nation,2022-09-11,,,29,26
N92000002,Northern Ireland,nation,2022-09-10,,,135,123
N92000002,Northern Ireland,nation,2022-09-09,,,15,137
N92000002,Northern Ireland,nation,2022-09-08,,,5,140
N92000002,Northern Ireland,nation,2022-09-07,,,25,157
N92000002,Northern Ireland,nation,2022-09-06,,,7,70
N92000002,Northern Ireland,nation,2022-09-05,,,33,134
N92000002,Northern Ireland,nation,2022-09-04,,,30,121
N92000002,Northern Ireland,nation,2022-09-03,,,103,134
N92000002,Northern Ireland,nation,2022-09-02,,,27,117
N92000002,Northern Ireland,nation,2022-09-01,,,51,160
N92000002,Northern Ireland,nation,2022-08-31,,,73,158
N92000002,Northern Ireland,nation,2022-08-30,,,41,104
N92000002,Northern Ireland,nation,2022-08-29,,,15,30
N92000002,Northern Ireland,nation,2022-08-28,,,3,36
N92000002,Northern Ireland,nation,2022-08-27,,,158,226
N92000002,Northern Ireland,nation,2022-08-26,,,41,156
N92000002,Northern Ireland,nation,2022-08-25,,,33,233
N92000002,Northern Ireland,nation,2022-08-24,,,25,250
N92000002,Northern Ireland,nation,2022-08-23,,,24,114
N92000002,Northern Ireland,nation,2022-08-22,,,17,103
N92000002,Northern Ireland,nation,2022-08-21,,,13,48
N92000002,Northern Ireland,nation,2022-08-20,,,153,261
N92000002,Northern Ireland,nation,2022-08-19,,,7,87
N92000002,Northern Ireland,nation,2022-08-18,,,34,233
N92000002,Northern Ireland,nation,2022-08-17,,,44,269
N92000002,Northern Ireland,nation,2022-08-16,,,14,94
N92000002,Northern Ireland,nation,2022-08-15,,,0,119
N92000002,Northern Ireland,nation,2022-08-14,,,0,109
N92000002,Northern Ireland,nation,2022-08-13,,,125,252
N92000002,Northern Ireland,nation,2022-08-12,,,36,134
N92000002,Northern Ireland,nation,2022-08-11,,,64,266
N92000002,Northern Ireland,nation,2022-08-10,,,54,180
N92000002,Northern Ireland,nation,2022-08-09,,,44,185
N92000002,Northern Ireland,nation,2022-08-08,,,0,201
N92000002,Northern Ireland,nation,2022-08-07,,,65,155
N92000002,Northern Ireland,nation,2022-08-06,,,159,305
N92000002,Northern Ireland,nation,2022-08-05,,,66,229
N92000002,Northern Ireland,nation,2022-08-04,,,141,347
N92000002,Northern Ireland,nation,2022-08-03,,,174,305
N92000002,Northern Ireland,nation,2022-08-02,,,22,175
N92000002,Northern Ireland,nation,2022-08-01,,,35,162
N92000002,Northern Ireland,nation,2022-07-31,,,83,184
N92000002,Northern Ireland,nation,2022-07-30,,,211,389
N92000002,Northern Ireland,nation,2022-07-29,,,74,219
N92000002,Northern Ireland,nation,2022-07-28,,,146,342
N92000002,Northern Ireland,nation,2022-07-27,,,105,235
N92000002,Northern Ireland,nation,2022-07-26,,,59,208
N92000002,Northern Ireland,nation,2022-07-25,,,25,127
N92000002,Northern Ireland,nation,2022-07-24,,,575,1275
N92000002,Northern Ireland,nation,2022-07-23,,,0,0
N92000002,Northern Ireland,nation,2022-07-22,,,0,0
N92000002,Northern Ireland,nation,2022-07-21,,,0,0
N92000002,Northern Ireland,nation,2022-07-20,,,144,459
N92000002,Northern Ireland,nation,2022-07-19,,,51,157
N92000002,Northern Ireland,nation,2022-07-18,,,38,222
N92000002,Northern Ireland,nation,2022-07-17,,,101,173
N92000002,Northern Ireland,nation,2022-07-16,,,339,468
N92000002,Northern Ireland,nation,2022-07-15,,,133,330
N92000002,Northern Ireland,nation,2022-07-14,,,124,331
N92000002,Northern Ireland,nation,2022-07-13,,,82,246
N92000002,Northern Ireland,nation,2022-07-12,,,2,2
N92000002,Northern Ireland,nation,2022-07-11,,,12,205
N92000002,Northern Ireland,nation,2022-07-10,,,71,103
N92000002,Northern Ireland,nation,2022-07-09,,,306,508
N92000002,Northern Ireland,nation,2022-07-08,,,269,665
N92000002,Northern Ireland,nation,2022-07-07,,,119,426
N92000002,Northern Ireland,nation,2022-07-06,,,144,492
N92000002,Northern Ireland,nation,2022-07-05,,,69,329
N92000002,Northern Ireland,nation,2022-07-04,,,99,422
N92000002,Northern Ireland,nation,2022-07-03,,,232,362
N92000002,Northern Ireland,nation,2022-07-02,,,406,619
N92000002,Northern Ireland,nation,2022-07-01,,,282,658
N92000002,Northern Ireland,nation,2022-06-30,,,208,592
N92000002,Northern Ireland,nation,2022-06-29,,,191,534
N92000002,Northern Ireland,nation,2022-06-28,,,76,327
N92000002,Northern Ireland,nation,2022-06-27,,,60,436
N92000002,Northern Ireland,nation,2022-06-26,,,264,244
N92000002,Northern Ireland,nation,2022-06-25,,,477,551
N92000002,Northern Ireland,nation,2022-06-24,,,129,494
N92000002,Northern Ireland,nation,2022-06-23,,,181,559
N92000002,Northern Ireland,nation,2022-06-22,,,156,721
N92000002,Northern Ireland,nation,2022-06-21,,,72,464
N92000002,Northern Ireland,nation,2022-06-20,,,248,463
N92000002,Northern Ireland,nation,2022-06-19,,,333,268
N92000002,Northern Ireland,nation,2022-06-18,,,412,459
N92000002,Northern Ireland,nation,2022-06-17,,,183,542
N92000002,Northern Ireland,nation,2022-06-16,,,192,829
N92000002,Northern Ireland,nation,2022-06-15,,,259,739
N92000002,Northern Ireland,nation,2022-06-14,,,53,400
N92000002,Northern Ireland,nation,2022-06-13,,,96,894
N92000002,Northern Ireland,nation,2022-06-12,,,345,328
N92000002,Northern Ireland,nation,2022-06-11,,,672,844
N92000002,Northern Ireland,nation,2022-06-10,,,193,765
N92000002,Northern Ireland,nation,2022-06-09,,,221,1362
N92000002,Northern Ireland,nation,2022-06-08,,,187,807
N92000002,Northern Ireland,nation,2022-06-07,,,72,849
N92000002,Northern Ireland,nation,2022-06-06,,,83,1078
N92000002,Northern Ireland,nation,2022-06-05,,,237,223
N92000002,Northern Ireland,nation,2022-06-04,,,247,297
N92000002,Northern Ireland,nation,2022-06-03,,,55,156
N92000002,Northern Ireland,nation,2022-06-02,,,127,261
N92000002,Northern Ireland,nation,2022-06-01,,,271,2019
N92000002,Northern Ireland,nation,2022-05-31,,,51,1757
N92000002,Northern Ireland,nation,2022-05-30,,,118,1326
N92000002,Northern Ireland,nation,2022-05-29,,,310,455
N92000002,Northern Ireland,nation,2022-05-28,,,479,1007
N92000002,Northern Ireland,nation,2022-05-27,,,154,1967
N92000002,Northern Ireland,nation,2022-05-26,,,216,2585
N92000002,Northern Ireland,nation,2022-05-25,,,0,-12
N92000002,Northern Ireland,nation,2022-05-24,,,74,2839
N92000002,Northern Ireland,nation,2022-05-23,,,18,2515
N92000002,Northern Ireland,nation,2022-05-22,,,247,689
N92000002,Northern Ireland,nation,2022-05-21,,,345,1787
N92000002,Northern Ireland,nation,2022-05-20,,262,206,3576
N92000002,Northern Ireland,nation,2022-05-19,,263,240,5424
N92000002,Northern Ireland,nation,2022-05-18,,332,116,4368
N92000002,Northern Ireland,nation,2022-05-17,,363,103,4754
N92000002,Northern Ireland,nation,2022-05-16,,252,84,3605
N92000002,Northern Ireland,nation,2022-05-15,,173,320,773
N92000002,Northern Ireland,nation,2022-05-14,,1082,429,1293
N92000002,Northern Ireland,nation,2022-05-13,,0,168,4278
N92000002,Northern Ireland,nation,2022-05-12,,0,204,6513
N92000002,Northern Ireland,nation,2022-05-11,,0,154,6812
N92000002,Northern Ireland,nation,2022-05-10,,394,179,6555
N92000002,Northern Ireland,nation,2022-05-09,,796,124,5312
N92000002,Northern Ireland,nation,2022-05-08,,0,299,842
N92000002,Northern Ireland,nation,2022-05-07,,0,385,3738
N92000002,Northern Ireland,nation,2022-05-06,,316,203,4381
N92000002,Northern Ireland,nation,2022-05-05,,362,222,6441
N92000002,Northern Ireland,nation,2022-05-04,,378,183,6541
N92000002,Northern Ireland,nation,2022-05-03,,1002,123,3674
N92000002,Northern Ireland,nation,2022-05-02,,0,105,635
N92000002,Northern Ireland,nation,2022-05-01,,0,330,633
N92000002,Northern Ireland,nation,2022-04-30,,0,453,1393
N92000002,Northern Ireland,nation,2022-04-29,,329,224,3813
N92000002,Northern Ireland,nation,2022-04-28,,355,303,6974
N92000002,Northern Ireland,nation,2022-04-27,,365,282,7458
N92000002,Northern Ireland,nation,2022-04-26,,480,82,5659
N92000002,Northern Ireland,nation,2022-04-25,,1279,102,2170
N92000002,Northern Ireland,nation,2022-04-24,,0,443,1147
N92000002,Northern Ireland,nation,2022-04-23,,0,473,804
N92000002,Northern Ireland,nation,2022-04-22,,707,347,1568
N92000002,Northern Ireland,nation,2022-04-21,,752,229,1478
N92000002,Northern Ireland,nation,2022-04-20,,588,428,1321
N92000002,Northern Ireland,nation,2022-04-19,,2695,153,297
N92000002,Northern Ireland,nation,2022-04-18,,0,53,166
N92000002,Northern Ireland,nation,2022-04-17,,0,0,0
N92000002,Northern Ireland,nation,2022-04-16,,0,254,456
N92000002,Northern Ireland,nation,2022-04-15,,0,292,900
N92000002,Northern Ireland,nation,2022-04-14,,791,289,1345
N92000002,Northern Ireland,nation,2022-04-13,,770,290,1670
N92000002,Northern Ireland,nation,2022-04-12,,927,133,1040
N92000002,Northern Ireland,nation,2022-04-11,,1873,110,647
N92000002,Northern Ireland,nation,2022-04-10,,0,382,426
N92000002,Northern Ireland,nation,2022-04-09,,0,343,540
N92000002,Northern Ireland,nation,2022-04-08,,983,202,800
N92000002,Northern Ireland,nation,2022-04-07,,1133,301,878
N92000002,Northern Ireland,nation,2022-04-06,,1155,249,602
N92000002,Northern Ireland,nation,2022-04-05,,1387,125,486
N92000002,Northern Ireland,nation,2022-04-04,,2688,73,364
N92000002,Northern Ireland,nation,2022-04-03,,0,397,509
N92000002,Northern Ireland,nation,2022-04-02,,0,428,606
N92000002,Northern Ireland,nation,2022-04-01,,1218,304,746
N92000002,Northern Ireland,nation,2022-03-31,,1461,251,525
N92000002,Northern Ireland,nation,2022-03-30,,1414,334,638
N92000002,Northern Ireland,nation,2022-03-29,,1731,208,391
N92000002,Northern Ireland,nation,2022-03-28,,3841,100,451
N92000002,Northern Ireland,nation,2022-03-27,,0,273,320
N92000002,Northern Ireland,nation,2022-03-26,,0,415,490
N92000002,Northern Ireland,nation,2022-03-25,,1910,228,765
N92000002,Northern Ireland,nation,2022-03-24,,2524,141,462
N92000002,Northern Ireland,nation,2022-03-23,,2269,249,899
N92000002,Northern Ireland,nation,2022-03-22,,2899,291,998
N92000002,Northern Ireland,nation,2022-03-21,,5355,103,878
N92000002,Northern Ireland,nation,2022-03-20,,0,299,330
N92000002,Northern Ireland,nation,2022-03-19,,0,326,414
N92000002,Northern Ireland,nation,2022-03-18,,1798,320,762
N92000002,Northern Ireland,nation,2022-03-17,,2054,186,300
N92000002,Northern Ireland,nation,2022-03-16,,2391,271,828
N92000002,Northern Ireland,nation,2022-03-15,,2605,165,787
N92000002,Northern Ireland,nation,2022-03-14,,5523,206,975
N92000002,Northern Ireland,nation,2022-03-13,,0,282,325
N92000002,Northern Ireland,nation,2022-03-12,,0,377,1135
N92000002,Northern Ireland,nation,2022-03-11,,2270,225,682
N92000002,Northern Ireland,nation,2022-03-10,,2602,302,836
N92000002,Northern Ireland,nation,2022-03-09,,2683,234,990
N92000002,Northern Ireland,nation,2022-03-08,,2669,235,674
N92000002,Northern Ireland,nation,2022-03-07,,5769,235,739
N92000002,Northern Ireland,nation,2022-03-06,,0,262,386
N92000002,Northern Ireland,nation,2022-03-05,,0,337,525
N92000002,Northern Ireland,nation,2022-03-04,,2236,435,1973
N92000002,Northern Ireland,nation,2022-03-03,,2408,0,0
N92000002,Northern Ireland,nation,2022-03-02,,2407,218,1224
N92000002,Northern Ireland,nation,2022-03-01,,2567,314,850
N92000002,Northern Ireland,nation,2022-02-28,,5168,242,925
N92000002,Northern Ireland,nation,2022-02-27,,0,490,618
N92000002,Northern Ireland,nation,2022-02-26,,0,444,734
N92000002,Northern Ireland,nation,2022-02-25,,2068,283,1371
N92000002,Northern Ireland,nation,2022-02-24,,2486,220,1292
N92000002,Northern Ireland,nation,2022-02-23,,2294,259,1412
N92000002,Northern Ireland,nation,2022-02-22,,2951,235,1344
N92000002,Northern Ireland,nation,2022-02-21,,2235,151,829
N92000002,Northern Ireland,nation,2022-02-20,,1865,388,598
N92000002,Northern Ireland,nation,2022-02-19,,2147,434,911
N92000002,Northern Ireland,nation,2022-02-18,,2469,567,1266
N92000002,Northern Ireland,nation,2022-02-17,,3027,389,1702
N92000002,Northern Ireland,nation,2022-02-16,,2889,425,2046
N92000002,Northern Ireland,nation,2022-02-15,,2987,316,1652
N92000002,Northern Ireland,nation,2022-02-14,,2465,318,1826
N92000002,Northern Ireland,nation,2022-02-13,,2158,498,675
N92000002,Northern Ireland,nation,2022-02-12,,2633,484,790
N92000002,Northern Ireland,nation,2022-02-11,,2923,503,1680
N92000002,Northern Ireland,nation,2022-02-10,,3609,730,2115
N92000002,Northern Ireland,nation,2022-02-09,,3837,30,2035
N92000002,Northern Ireland,nation,2022-02-08,,3959,231,1785
N92000002,Northern Ireland,nation,2022-02-07,,3105,268,1906
N92000002,Northern Ireland,nation,2022-02-06,,2694,474,1057
N92000002,Northern Ireland,nation,2022-02-05,,3201,549,1245
N92000002,Northern Ireland,nation,2022-02-04,,3833,395,1586
N92000002,Northern Ireland,nation,2022-02-03,,4203,434,2057
N92000002,Northern Ireland,nation,2022-02-02,,4769,436,1708
N92000002,Northern Ireland,nation,2022-02-01,,4622,248,1746
N92000002,Northern Ireland,nation,2022-01-31,,4159,262,1176
N92000002,Northern Ireland,nation,2022-01-30,,3069,439,745
N92000002,Northern Ireland,nation,2022-01-29,,3590,701,1318
N92000002,Northern Ireland,nation,2022-01-28,,3737,451,1998
N92000002,Northern Ireland,nation,2022-01-27,,4243,649,2406
N92000002,Northern Ireland,nation,2022-01-26,,4383,601,2293
N92000002,Northern Ireland,nation,2022-01-25,,5023,427,2142
N92000002,Northern Ireland,nation,2022-01-24,,3932,347,1709
N92000002,Northern Ireland,nation,2022-01-23,,3059,693,868
N92000002,Northern Ireland,nation,2022-01-22,,3476,659,1129
N92000002,Northern Ireland,nation,2022-01-21,,3568,698,3248
N92000002,Northern Ireland,nation,2022-01-20,,3879,557,3892
N92000002,Northern Ireland,nation,2022-01-19,,4451,630,4215
N92000002,Northern Ireland,nation,2022-01-18,,4081,503,3956
N92000002,Northern Ireland,nation,2022-01-17,,3295,501,4093
N92000002,Northern Ireland,nation,2022-01-16,,2518,509,1313
N92000002,Northern Ireland,nation,2022-01-15,,2668,567,2501
N92000002,Northern Ireland,nation,2022-01-14,,2954,474,5116
N92000002,Northern Ireland,nation,2022-01-13,,2980,634,5583
N92000002,Northern Ireland,nation,2022-01-12,,2922,438,8193
N92000002,Northern Ireland,nation,2022-01-11,,3420,425,6530
N92000002,Northern Ireland,nation,2022-01-10,,2706,402,6748
N92000002,Northern Ireland,nation,2022-01-09,,3760,606,6867
N92000002,Northern Ireland,nation,2022-01-08,,3458,0,0
N92000002,Northern Ireland,nation,2022-01-07,,6444,539,7757
N92000002,Northern Ireland,nation,2022-01-06,,6877,629,8899
N92000002,Northern Ireland,nation,2022-01-05,,7133,1801,6396
N92000002,Northern Ireland,nation,2022-01-04,,30423,609,7010
N92000002,Northern Ireland,nation,2022-01-03,,0,421,4693
N92000002,Northern Ireland,nation,2022-01-02,,0,283,3251
N92000002,Northern Ireland,nation,2022-01-01,,0,68,979
N92000002,Northern Ireland,nation,2021-12-31,,7215,161,3037
N92000002,Northern Ireland,nation,2021-12-30,,4701,496,10975
N92000002,Northern Ireland,nation,2021-12-29,,22972,558,10903
N92000002,Northern Ireland,nation,2021-12-28,,0,432,7777
N92000002,Northern Ireland,nation,2021-12-27,,0,279,6077
N92000002,Northern Ireland,nation,2021-12-26,,0,93,2705
N92000002,Northern Ireland,nation,2021-12-25,,0,1,2
N92000002,Northern Ireland,nation,2021-12-24,,3286,23,2722
N92000002,Northern Ireland,nation,2021-12-23,,3227,483,14948
N92000002,Northern Ireland,nation,2021-12-22,,3231,863,24424
N92000002,Northern Ireland,nation,2021-12-21,,2096,1030,30803
N92000002,Northern Ireland,nation,2021-12-20,,2148,1123,29016
N92000002,Northern Ireland,nation,2021-12-19,,1798,610,14758
N92000002,Northern Ireland,nation,2021-12-18,,2075,569,10114
N92000002,Northern Ireland,nation,2021-12-17,,1887,872,17068
N92000002,Northern Ireland,nation,2021-12-16,,2237,1350,24100
N92000002,Northern Ireland,nation,2021-12-15,,2156,1186,27689
N92000002,Northern Ireland,nation,2021-12-14,,1581,835,22522
N92000002,Northern Ireland,nation,2021-12-13,,1431,1216,22901
N92000002,Northern Ireland,nation,2021-12-12,,1548,591,8150
N92000002,Northern Ireland,nation,2021-12-11,,1446,539,6581
N92000002,Northern Ireland,nation,2021-12-10,,1806,847,11244
N92000002,Northern Ireland,nation,2021-12-09,,1819,973,13109
N92000002,Northern Ireland,nation,2021-12-08,,1933,1050,14389
N92000002,Northern Ireland,nation,2021-12-07,,1658,894,13486
N92000002,Northern Ireland,nation,2021-12-06,,1635,1051,10118
N92000002,Northern Ireland,nation,2021-12-05,,1422,2215,21846
N92000002,Northern Ireland,nation,2021-12-04,,1642,0,0
N92000002,Northern Ireland,nation,2021-12-03,,1908,749,6936
N92000002,Northern Ireland,nation,2021-12-02,,2272,1395,14753
N92000002,Northern Ireland,nation,2021-12-01,,1992,1262,16033
N92000002,Northern Ireland,nation,2021-11-30,,1585,1294,15124
N92000002,Northern Ireland,nation,2021-11-29,,1464,1304,15707
N92000002,Northern Ireland,nation,2021-11-28,,1405,3819,17199
N92000002,Northern Ireland,nation,2021-11-27,,1482,0,0
N92000002,Northern Ireland,nation,2021-11-26,,2004,0,0
N92000002,Northern Ireland,nation,2021-11-25,,1549,1286,13019
N92000002,Northern Ireland,nation,2021-11-24,,1931,1316,15323
N92000002,Northern Ireland,nation,2021-11-23,,1476,1173,16359
N92000002,Northern Ireland,nation,2021-11-22,,1469,1144,14512
N92000002,Northern Ireland,nation,2021-11-21,,1406,740,6902
N92000002,Northern Ireland,nation,2021-11-20,,1846,434,4609
N92000002,Northern Ireland,nation,2021-11-19,,1690,702,9837
N92000002,Northern Ireland,nation,2021-11-18,,1681,940,15791
N92000002,Northern Ireland,nation,2021-11-17,,1848,1227,18090
N92000002,Northern Ireland,nation,2021-11-16,,1698,896,15225
N92000002,Northern Ireland,nation,2021-11-15,,1457,864,13566
N92000002,Northern Ireland,nation,2021-11-14,,1377,537,5190
N92000002,Northern Ireland,nation,2021-11-13,,1806,297,5354
N92000002,Northern Ireland,nation,2021-11-12,,1087,666,9728
N92000002,Northern Ireland,nation,2021-11-11,,1462,1332,13526
N92000002,Northern Ireland,nation,2021-11-10,,1765,1084,14947
N92000002,Northern Ireland,nation,2021-11-09,,1228,879,12269
N92000002,Northern Ireland,nation,2021-11-08,,1028,1131,10253
N92000002,Northern Ireland,nation,2021-11-07,,1035,800,4200
N92000002,Northern Ireland,nation,2021-11-06,,1194,364,5840
N92000002,Northern Ireland,nation,2021-11-05,,1164,989,6254
N92000002,Northern Ireland,nation,2021-11-04,,1481,1247,9879
N92000002,Northern Ireland,nation,2021-11-03,,995,547,10433
N92000002,Northern Ireland,nation,2021-11-02,,1114,852,8730
N92000002,Northern Ireland,nation,2021-11-01,,948,844,7656
N92000002,Northern Ireland,nation,2021-10-31,,1001,435,2824
N92000002,Northern Ireland,nation,2021-10-30,,1207,550,2076
N92000002,Northern Ireland,nation,2021-10-29,,1321,673,3767
N92000002,Northern Ireland,nation,2021-10-28,,1122,734,5058
N92000002,Northern Ireland,nation,2021-10-27,,1291,863,6786
N92000002,Northern Ireland,nation,2021-10-26,,1124,835,5915
N92000002,Northern Ireland,nation,2021-10-25,,1019,773,5572
N92000002,Northern Ireland,nation,2021-10-24,,1061,607,2633
N92000002,Northern Ireland,nation,2021-10-23,,1323,530,2301
N92000002,Northern Ireland,nation,2021-10-22,,1355,961,3609
N92000002,Northern Ireland,nation,2021-10-21,,1051,1873,4407
N92000002,Northern Ireland,nation,2021-10-20,,1423,1315,4014
N92000002,Northern Ireland,nation,2021-10-19,,1367,8677,5582
N92000002,Northern Ireland,nation,2021-10-18,,1091,440,2625
N92000002,Northern Ireland,nation,2021-10-17,,966,351,1232
N92000002,Northern Ireland,nation,2021-10-16,,1218,660,720
N92000002,Northern Ireland,nation,2021-10-15,,1349,702,1342
N92000002,Northern Ireland,nation,2021-10-14,,1304,1312,3736
N92000002,Northern Ireland,nation,2021-10-13,,1471,740,1799
N92000002,Northern Ireland,nation,2021-10-12,,1278,1085,3308
N92000002,Northern Ireland,nation,2021-10-11,,1109,862,2818
N92000002,Northern Ireland,nation,2021-10-10,,1115,589,1598
N92000002,Northern Ireland,nation,2021-10-09,,1274,944,731
N92000002,Northern Ireland,nation,2021-10-08,,1276,1001,1283
N92000002,Northern Ireland,nation,2021-10-07,,1305,1253,1575
N92000002,Northern Ireland,nation,2021-10-06,,1339,847,1710
N92000002,Northern Ireland,nation,2021-10-05,,1209,1340,1957
N92000002,Northern Ireland,nation,2021-10-04,,1080,1438,1519
N92000002,Northern Ireland,nation,2021-10-03,,892,1228,1285
N92000002,Northern Ireland,nation,2021-10-02,,992,897,702
N92000002,Northern Ireland,nation,2021-10-01,,1039,896,752
N92000002,Northern Ireland,nation,2021-09-30,,1163,864,
N92000002,Northern Ireland,nation,2021-09-29,,1320,882,
N92000002,Northern Ireland,nation,2021-09-28,,1078,757,
N92000002,Northern Ireland,nation,2021-09-27,,903,1120,
N92000002,Northern Ireland,nation,2021-09-26,,1020,604,
N92000002,Northern Ireland,nation,2021-09-25,,1120,432,
N92000002,Northern Ireland,nation,2021-09-24,,1030,342,
N92000002,Northern Ireland,nation,2021-09-23,,1165,547,
N92000002,Northern Ireland,nation,2021-09-22,,1060,806,
N92000002,Northern Ireland,nation,2021-09-21,,1145,654,
N92000002,Northern Ireland,nation,2021-09-20,,1020,583,
N92000002,Northern Ireland,nation,2021-09-19,,889,468,
N92000002,Northern Ireland,nation,2021-09-18,,1072,170,
N92000002,Northern Ireland,nation,2021-09-17,,1239,530,
N92000002,Northern Ireland,nation,2021-09-16,,1071,741,
N92000002,Northern Ireland,nation,2021-09-15,,1304,569,
N92000002,Northern Ireland,nation,2021-09-14,,1590,1091,
N92000002,Northern Ireland,nation,2021-09-13,,1199,1505,
N92000002,Northern Ireland,nation,2021-09-12,,1031,1131,
N92000002,Northern Ireland,nation,2021-09-11,,1424,2226,
N92000002,Northern Ireland,nation,2021-09-10,,1687,4116,
N92000002,Northern Ireland,nation,2021-09-09,,1831,3540,
N92000002,Northern Ireland,nation,2021-09-08,,1210,3500,
N92000002,Northern Ireland,nation,2021-09-07,,1748,4169,
N92000002,Northern Ireland,nation,2021-09-06,,1764,3297,
N92000002,Northern Ireland,nation,2021-09-05,,1232,2891,
N92000002,Northern Ireland,nation,2021-09-04,,1812,1647,
N92000002,Northern Ireland,nation,2021-09-03,,1248,1909,
N92000002,Northern Ireland,nation,2021-09-02,,793,2252,
N92000002,Northern Ireland,nation,2021-09-01,,1472,1760,
N92000002,Northern Ireland,nation,2021-08-31,,1313,2129,
N92000002,Northern Ireland,nation,2021-08-30,,1259,1677,
N92000002,Northern Ireland,nation,2021-08-29,,1225,1407,
N92000002,Northern Ireland,nation,2021-08-28,,1430,1175,
N92000002,Northern Ireland,nation,2021-08-27,,1875,1616,
N92000002,Northern Ireland,nation,2021-08-26,,1550,2436,
N92000002,Northern Ireland,nation,2021-08-25,,1771,2999,
N92000002,Northern Ireland,nation,2021-08-24,,1648,2382,
N92000002,Northern Ireland,nation,2021-08-23,,1320,1725,
N92000002,Northern Ireland,nation,2021-08-22,,1485,2310,
N92000002,Northern Ireland,nation,2021-08-21,,1612,2783,
N92000002,Northern Ireland,nation,2021-08-20,,2397,4021,
N92000002,Northern Ireland,nation,2021-08-19,,1963,3956,
N92000002,Northern Ireland,nation,2021-08-18,,1345,3862,
N92000002,Northern Ireland,nation,2021-08-17,,1564,5148,
N92000002,Northern Ireland,nation,2021-08-16,,1306,3749,
N92000002,Northern Ireland,nation,2021-08-15,,1294,3506,
N92000002,Northern Ireland,nation,2021-08-14,,1437,2737,
N92000002,Northern Ireland,nation,2021-08-13,,1389,4251,
N92000002,Northern Ireland,nation,2021-08-12,,1610,4788,
N92000002,Northern Ireland,nation,2021-08-11,,1467,4669,
N92000002,Northern Ireland,nation,2021-08-10,,1305,5249,
N92000002,Northern Ireland,nation,2021-08-09,,1031,5765,
N92000002,Northern Ireland,nation,2021-08-08,,1129,4959,
N92000002,Northern Ireland,nation,2021-08-07,,1349,4438,
N92000002,Northern Ireland,nation,2021-08-06,,1434,6483,
N92000002,Northern Ireland,nation,2021-08-05,,1641,4482,
N92000002,Northern Ireland,nation,2021-08-04,,1040,6063,
N92000002,Northern Ireland,nation,2021-08-03,,1082,6519,
N92000002,Northern Ireland,nation,2021-08-02,,872,7683,
N92000002,Northern Ireland,nation,2021-08-01,,1072,4686,
N92000002,Northern Ireland,nation,2021-07-31,,1177,3644,
N92000002,Northern Ireland,nation,2021-07-30,,1101,3903,
N92000002,Northern Ireland,nation,2021-07-29,,1471,5855,
N92000002,Northern Ireland,nation,2021-07-28,,1600,7861,
N92000002,Northern Ireland,nation,2021-07-27,,1473,5955,
N92000002,Northern Ireland,nation,2021-07-26,,639,5220,
N92000002,Northern Ireland,nation,2021-07-25,,1264,2565,
N92000002,Northern Ireland,nation,2021-07-24,,1520,2181,
N92000002,Northern Ireland,nation,2021-07-23,,1337,3091,
N92000002,Northern Ireland,nation,2021-07-22,,1430,1965,
N92000002,Northern Ireland,nation,2021-07-21,,1973,6176,
N92000002,Northern Ireland,nation,2021-07-20,,1138,6835,
N92000002,Northern Ireland,nation,2021-07-19,,1776,6096,
N92000002,Northern Ireland,nation,2021-07-18,,537,3975,
N92000002,Northern Ireland,nation,2021-07-17,,1402,4589,
N92000002,Northern Ireland,nation,2021-07-16,,1380,10466,
N92000002,Northern Ireland,nation,2021-07-15,,1083,6296,
N92000002,Northern Ireland,nation,2021-07-14,,636,7091,
N92000002,Northern Ireland,nation,2021-07-13,,511,6367,
N92000002,Northern Ireland,nation,2021-07-12,,528,1764,
N92000002,Northern Ireland,nation,2021-07-11,,605,3537,
N92000002,Northern Ireland,nation,2021-07-10,,445,5514,
N92000002,Northern Ireland,nation,2021-07-09,,605,6108,
N92000002,Northern Ireland,nation,2021-07-08,,627,6777,
N92000002,Northern Ireland,nation,2021-07-07,,570,7828,
N92000002,Northern Ireland,nation,2021-07-06,,417,7643,
N92000002,Northern Ireland,nation,2021-07-05,,420,7398,
N92000002,Northern Ireland,nation,2021-07-04,,533,6874,
N92000002,Northern Ireland,nation,2021-07-03,,460,6471,
N92000002,Northern Ireland,nation,2021-07-02,,339,6462,
N92000002,Northern Ireland,nation,2021-07-01,,326,6186,
N92000002,Northern Ireland,nation,2021-06-30,,375,8284,
N92000002,Northern Ireland,nation,2021-06-29,,278,7196,
N92000002,Northern Ireland,nation,2021-06-28,,211,5732,
N92000002,Northern Ireland,nation,2021-06-27,,261,4378,
N92000002,Northern Ireland,nation,2021-06-26,,298,3960,
N92000002,Northern Ireland,nation,2021-06-25,,229,5502,
N92000002,Northern Ireland,nation,2021-06-24,,198,5658,
N92000002,Northern Ireland,nation,2021-06-23,,188,6598,
N92000002,Northern Ireland,nation,2021-06-22,,187,6730,
N92000002,Northern Ireland,nation,2021-06-21,,133,6773,
N92000002,Northern Ireland,nation,2021-06-20,,125,7021,
N92000002,Northern Ireland,nation,2021-06-19,,158,5990,
N92000002,Northern Ireland,nation,2021-06-18,,178,7323,
N92000002,Northern Ireland,nation,2021-06-17,,179,7502,
N92000002,Northern Ireland,nation,2021-06-16,,143,9636,
N92000002,Northern Ireland,nation,2021-06-15,,115,10509,
N92000002,Northern Ireland,nation,2021-06-14,,87,12068,
N92000002,Northern Ireland,nation,2021-06-13,,70,0,
N92000002,Northern Ireland,nation,2021-06-12,,107,536,
N92000002,Northern Ireland,nation,2021-06-11,,121,6418,
N92000002,Northern Ireland,nation,2021-06-10,,109,7212,
N92000002,Northern Ireland,nation,2021-06-09,,105,8190,
N92000002,Northern Ireland,nation,2021-06-08,,81,8200,
N92000002,Northern Ireland,nation,2021-06-07,,54,9679,
N92000002,Northern Ireland,nation,2021-06-06,,69,6539,
N92000002,Northern Ireland,nation,2021-06-05,,95,4264,
N92000002,Northern Ireland,nation,2021-06-04,,73,7112,
N92000002,Northern Ireland,nation,2021-06-03,,80,7808,
N92000002,Northern Ireland,nation,2021-06-02,,84,8823,
N92000002,Northern Ireland,nation,2021-06-01,,54,8618,
N92000002,Northern Ireland,nation,2021-05-31,,39,5467,
N92000002,Northern Ireland,nation,2021-05-30,,63,3333,
N92000002,Northern Ireland,nation,2021-05-29,,68,3533,
N92000002,Northern Ireland,nation,2021-05-28,,75,6106,
N92000002,Northern Ireland,nation,2021-05-27,,84,8635,
N92000002,Northern Ireland,nation,2021-05-26,,66,9713,
N92000002,Northern Ireland,nation,2021-05-25,,75,9406,
N92000002,Northern Ireland,nation,2021-05-24,,53,8700,
N92000002,Northern Ireland,nation,2021-05-23,,77,5852,
N92000002,Northern Ireland,nation,2021-05-22,,82,3909,
N92000002,Northern Ireland,nation,2021-05-21,,84,9338,
N92000002,Northern Ireland,nation,2021-05-20,,90,8988,
N92000002,Northern Ireland,nation,2021-05-19,,107,8918,
N92000002,Northern Ireland,nation,2021-05-18,,104,7942,
N92000002,Northern Ireland,nation,2021-05-17,,82,7890,
N92000002,Northern Ireland,nation,2021-05-16,,109,6796,
N92000002,Northern Ireland,nation,2021-05-15,,0,6156,
N92000002,Northern Ireland,nation,2021-05-14,,96,8932,
N92000002,Northern Ireland,nation,2021-05-13,,99,11152,
N92000002,Northern Ireland,nation,2021-05-12,,113,11176,
N92000002,Northern Ireland,nation,2021-05-11,,89,11928,
N92000002,Northern Ireland,nation,2021-05-10,,76,9534,
N92000002,Northern Ireland,nation,2021-05-09,,98,5725,
N92000002,Northern Ireland,nation,2021-05-08,,81,5931,
N92000002,Northern Ireland,nation,2021-05-07,,65,8395,
N92000002,Northern Ireland,nation,2021-05-06,,102,13739,
N92000002,Northern Ireland,nation,2021-05-05,,99,13454,
N92000002,Northern Ireland,nation,2021-05-04,,83,9422,
N92000002,Northern Ireland,nation,2021-05-03,,64,5014,
N92000002,Northern Ireland,nation,2021-05-02,,69,4997,
N92000002,Northern Ireland,nation,2021-05-01,,90,4642,
N92000002,Northern Ireland,nation,2021-04-30,,108,4697,
N92000002,Northern Ireland,nation,2021-04-29,,95,40235,
N92000002,Northern Ireland,nation,2021-04-28,,98,9833,
N92000002,Northern Ireland,nation,2021-04-27,,109,11066,
N92000002,Northern Ireland,nation,2021-04-26,,73,9369,
N92000002,Northern Ireland,nation,2021-04-25,,73,4839,
N92000002,Northern Ireland,nation,2021-04-24,,80,3786,
N92000002,Northern Ireland,nation,2021-04-23,,88,10043,
N92000002,Northern Ireland,nation,2021-04-22,,120,16516,
N92000002,Northern Ireland,nation,2021-04-21,,116,13293,
N92000002,Northern Ireland,nation,2021-04-20,,124,15079,
N92000002,Northern Ireland,nation,2021-04-19,,79,9859,
N92000002,Northern Ireland,nation,2021-04-18,,82,5278,
N92000002,Northern Ireland,nation,2021-04-17,,99,5424,
N92000002,Northern Ireland,nation,2021-04-16,,119,12443,
N92000002,Northern Ireland,nation,2021-04-15,,159,13193,
N92000002,Northern Ireland,nation,2021-04-14,,97,13152,
N92000002,Northern Ireland,nation,2021-04-13,,112,13659,
N92000002,Northern Ireland,nation,2021-04-12,,97,10970,
N92000002,Northern Ireland,nation,2021-04-11,,89,4890,
N92000002,Northern Ireland,nation,2021-04-10,,146,4913,
N92000002,Northern Ireland,nation,2021-04-09,,113,7883,
N92000002,Northern Ireland,nation,2021-04-08,,98,8042,
N92000002,Northern Ireland,nation,2021-04-07,,88,5849,
N92000002,Northern Ireland,nation,2021-04-06,,57,2549,
N92000002,Northern Ireland,nation,2021-04-05,,89,1556,
N92000002,Northern Ireland,nation,2021-04-04,,0,1335,
N92000002,Northern Ireland,nation,2021-04-03,,84,2221,
N92000002,Northern Ireland,nation,2021-04-02,,107,6808,
N92000002,Northern Ireland,nation,2021-04-01,,107,7701,
N92000002,Northern Ireland,nation,2021-03-31,,123,7267,
N92000002,Northern Ireland,nation,2021-03-30,,151,6464,
N92000002,Northern Ireland,nation,2021-03-29,,65,7005,
N92000002,Northern Ireland,nation,2021-03-28,,116,1565,
N92000002,Northern Ireland,nation,2021-03-27,,138,3103,
N92000002,Northern Ireland,nation,2021-03-26,,181,6712,
N92000002,Northern Ireland,nation,2021-03-25,,183,8730,
N92000002,Northern Ireland,nation,2021-03-24,,139,8653,
N92000002,Northern Ireland,nation,2021-03-23,,174,7571,
N92000002,Northern Ireland,nation,2021-03-22,,87,0,
N92000002,Northern Ireland,nation,2021-03-21,,125,10187,
N92000002,Northern Ireland,nation,2021-03-20,,159,3183,
N92000002,Northern Ireland,nation,2021-03-19,,137,4604,
N92000002,Northern Ireland,nation,2021-03-18,,169,3507,
N92000002,Northern Ireland,nation,2021-03-17,,161,3256,
N92000002,Northern Ireland,nation,2021-03-16,,164,5701,
N92000002,Northern Ireland,nation,2021-03-15,,121,3609,
N92000002,Northern Ireland,nation,2021-03-14,,143,2229,
N92000002,Northern Ireland,nation,2021-03-13,,146,2355,
N92000002,Northern Ireland,nation,2021-03-12,,208,652,
N92000002,Northern Ireland,nation,2021-03-11,,223,452,
N92000002,Northern Ireland,nation,2021-03-10,,147,2021,
N92000002,Northern Ireland,nation,2021-03-09,,240,2333,
N92000002,Northern Ireland,nation,2021-03-08,,144,1743,
N92000002,Northern Ireland,nation,2021-03-07,,138,621,
N92000002,Northern Ireland,nation,2021-03-06,,172,134,
N92000002,Northern Ireland,nation,2021-03-05,,166,309,
N92000002,Northern Ireland,nation,2021-03-04,,163,1648,
N92000002,Northern Ireland,nation,2021-03-03,,226,2277,
N92000002,Northern Ireland,nation,2021-03-02,,149,2492,
N92000002,Northern Ireland,nation,2021-03-01,,138,2173,
N92000002,Northern Ireland,nation,2021-02-28,,136,532,
N92000002,Northern Ireland,nation,2021-02-27,,184,49,
N92000002,Northern Ireland,nation,2021-02-26,,241,718,
N92000002,Northern Ireland,nation,2021-02-25,,281,261,
N92000002,Northern Ireland,nation,2021-02-24,,260,292,
N92000002,Northern Ireland,nation,2021-02-23,,225,268,
N92000002,Northern Ireland,nation,2021-02-22,,187,281,
N92000002,Northern Ireland,nation,2021-02-21,,263,0,
N92000002,Northern Ireland,nation,2021-02-20,,276,54,
N92000002,Northern Ireland,nation,2021-02-19,,313,372,
N92000002,Northern Ireland,nation,2021-02-18,,342,369,
N92000002,Northern Ireland,nation,2021-02-17,,297,536,
N92000002,Northern Ireland,nation,2021-02-16,,341,275,
N92000002,Northern Ireland,nation,2021-02-15,,234,196,
N92000002,Northern Ireland,nation,2021-02-14,,176,29,
N92000002,Northern Ireland,nation,2021-02-13,,303,39,
N92000002,Northern Ireland,nation,2021-02-12,,407,385,
N92000002,Northern Ireland,nation,2021-02-11,,253,415,
N92000002,Northern Ireland,nation,2021-02-10,,336,365,
N92000002,Northern Ireland,nation,2021-02-09,,275,183,
N92000002,Northern Ireland,nation,2021-02-08,,296,126,
N92000002,Northern Ireland,nation,2021-02-07,,334,256,
N92000002,Northern Ireland,nation,2021-02-06,,390,676,
N92000002,Northern Ireland,nation,2021-02-05,,506,484,
N92000002,Northern Ireland,nation,2021-02-04,,412,508,
N92000002,Northern Ireland,nation,2021-02-03,,504,384,
N92000002,Northern Ireland,nation,2021-02-02,,447,273,
N92000002,Northern Ireland,nation,2021-02-01,,314,270,
N92000002,Northern Ireland,nation,2021-01-31,,426,289,
N92000002,Northern Ireland,nation,2021-01-30,,455,177,
N92000002,Northern Ireland,nation,2021-01-29,,669,76,
N92000002,Northern Ireland,nation,2021-01-28,,592,143,
N92000002,Northern Ireland,nation,2021-01-27,,527,1017,
N92000002,Northern Ireland,nation,2021-01-26,,550,115,
N92000002,Northern Ireland,nation,2021-01-25,,422,82,
N92000002,Northern Ireland,nation,2021-01-24,,433,26,
N92000002,Northern Ireland,nation,2021-01-23,,670,27,
N92000002,Northern Ireland,nation,2021-01-22,,865,150,
N92000002,Northern Ireland,nation,2021-01-21,,732,184,
N92000002,Northern Ireland,nation,2021-01-20,,905,366,
N92000002,Northern Ireland,nation,2021-01-19,,713,381,
N92000002,Northern Ireland,nation,2021-01-18,,640,563,
N92000002,Northern Ireland,nation,2021-01-17,,822,842,
N92000002,Northern Ireland,nation,2021-01-16,,705,700,
N92000002,Northern Ireland,nation,2021-01-15,,1052,210,
N92000002,Northern Ireland,nation,2021-01-14,,973,254,
N92000002,Northern Ireland,nation,2021-01-13,,1145,1170,
N92000002,Northern Ireland,nation,2021-01-12,,1205,2552,
N92000002,Northern Ireland,nation,2021-01-11,,759,1339,
N92000002,Northern Ireland,nation,2021-01-10,,1112,,
N92000002,Northern Ireland,nation,2021-01-09,,1442,,
N92000002,Northern Ireland,nation,2021-01-08,,1500,,
N92000002,Northern Ireland,nation,2021-01-07,,1410,,
N92000002,Northern Ireland,nation,2021-01-06,,1985,,
N92000002,Northern Ireland,nation,2021-01-05,,1378,,
N92000002,Northern Ireland,nation,2021-01-04,,1801,,
N92000002,Northern Ireland,nation,2021-01-03,,1662,,
N92000002,Northern Ireland,nation,2021-01-02,,3576,,
N92000002,Northern Ireland,nation,2021-01-01,,0,,
N92000002,Northern Ireland,nation,2020-12-31,,1929,,
N92000002,Northern Ireland,nation,2020-12-30,,2143,,
N92000002,Northern Ireland,nation,2020-12-29,,1566,,
N92000002,Northern Ireland,nation,2020-12-28,,1634,,
N92000002,Northern Ireland,nation,2020-12-27,,0,,
N92000002,Northern Ireland,nation,2020-12-26,,998,,
N92000002,Northern Ireland,nation,2020-12-25,,0,,
N92000002,Northern Ireland,nation,2020-12-24,,841,,
N92000002,Northern Ireland,nation,2020-12-23,,787,,
N92000002,Northern Ireland,nation,2020-12-22,,439,,
N92000002,Northern Ireland,nation,2020-12-21,,555,,
N92000002,Northern Ireland,nation,2020-12-20,,505,,
N92000002,Northern Ireland,nation,2020-12-19,,640,,
N92000002,Northern Ireland,nation,2020-12-18,,510,,
N92000002,Northern Ireland,nation,2020-12-17,,656,,
N92000002,Northern Ireland,nation,2020-12-16,,510,,
N92000002,Northern Ireland,nation,2020-12-15,,486,,
N92000002,Northern Ireland,nation,2020-12-14,,419,,
N92000002,Northern Ireland,nation,2020-12-13,,483,,
N92000002,Northern Ireland,nation,2020-12-12,,476,,
N92000002,Northern Ireland,nation,2020-12-11,,538,,
N92000002,Northern Ireland,nation,2020-12-10,,441,,
N92000002,Northern Ireland,nation,2020-12-09,,483,,
N92000002,Northern Ireland,nation,2020-12-08,,351,,
N92000002,Northern Ireland,nation,2020-12-07,,397,,
N92000002,Northern Ireland,nation,2020-12-06,,419,,
N92000002,Northern Ireland,nation,2020-12-05,,451,,
N92000002,Northern Ireland,nation,2020-12-04,,449,,
N92000002,Northern Ireland,nation,2020-12-03,,456,,
N92000002,Northern Ireland,nation,2020-12-02,,416,,
N92000002,Northern Ireland,nation,2020-12-01,,391,,
N92000002,Northern Ireland,nation,2020-11-30,,290,,
N92000002,Northern Ireland,nation,2020-11-29,,351,,
N92000002,Northern Ireland,nation,2020-11-28,,315,,
N92000002,Northern Ireland,nation,2020-11-27,,391,,
N92000002,Northern Ireland,nation,2020-11-26,,442,,
N92000002,Northern Ireland,nation,2020-11-25,,533,,
N92000002,Northern Ireland,nation,2020-11-24,,79,,
N92000002,Northern Ireland,nation,2020-11-23,,280,,
N92000002,Northern Ireland,nation,2020-11-22,,342,,
N92000002,Northern Ireland,nation,2020-11-21,,357,,
N92000002,Northern Ireland,nation,2020-11-20,,369,,
N92000002,Northern Ireland,nation,2020-11-19,,487,,
N92000002,Northern Ireland,nation,2020-11-18,,518,,
N92000002,Northern Ireland,nation,2020-11-17,,549,,
N92000002,Northern Ireland,nation,2020-11-16,,331,,
N92000002,Northern Ireland,nation,2020-11-15,,472,,
N92000002,Northern Ireland,nation,2020-11-14,,511,,
N92000002,Northern Ireland,nation,2020-11-13,,607,,
N92000002,Northern Ireland,nation,2020-11-12,,548,,
N92000002,Northern Ireland,nation,2020-11-11,,791,,
N92000002,Northern Ireland,nation,2020-11-10,,514,,
N92000002,Northern Ireland,nation,2020-11-09,,471,,
N92000002,Northern Ireland,nation,2020-11-08,,420,,
N92000002,Northern Ireland,nation,2020-11-07,,528,,
N92000002,Northern Ireland,nation,2020-11-06,,595,,
N92000002,Northern Ireland,nation,2020-11-05,,516,,
N92000002,Northern Ireland,nation,2020-11-04,,679,,
N92000002,Northern Ireland,nation,2020-11-03,,570,,
N92000002,Northern Ireland,nation,2020-11-02,,493,,
N92000002,Northern Ireland,nation,2020-11-01,,685,,
N92000002,Northern Ireland,nation,2020-10-31,,649,,
N92000002,Northern Ireland,nation,2020-10-30,,566,,
N92000002,Northern Ireland,nation,2020-10-29,,822,,
N92000002,Northern Ireland,nation,2020-10-28,,840,,
N92000002,Northern Ireland,nation,2020-10-27,,722,,
N92000002,Northern Ireland,nation,2020-10-26,,727,,
N92000002,Northern Ireland,nation,2020-10-25,,896,,
N92000002,Northern Ireland,nation,2020-10-24,,923,,
N92000002,Northern Ireland,nation,2020-10-23,,1252,,
N92000002,Northern Ireland,nation,2020-10-22,,1042,,
N92000002,Northern Ireland,nation,2020-10-21,,1039,,
N92000002,Northern Ireland,nation,2020-10-20,,913,,
N92000002,Northern Ireland,nation,2020-10-19,,820,,
N92000002,Northern Ireland,nation,2020-10-18,,1012,,
N92000002,Northern Ireland,nation,2020-10-17,,1031,,
N92000002,Northern Ireland,nation,2020-10-16,,1299,,
N92000002,Northern Ireland,nation,2020-10-15,,763,,
N92000002,Northern Ireland,nation,2020-10-14,,1217,,
N92000002,Northern Ireland,nation,2020-10-13,,863,,
N92000002,Northern Ireland,nation,2020-10-12,,877,,
N92000002,Northern Ireland,nation,2020-10-11,,1066,,
N92000002,Northern Ireland,nation,2020-10-10,,902,,
N92000002,Northern Ireland,nation,2020-10-09,,1080,,
N92000002,Northern Ireland,nation,2020-10-08,,923,,
N92000002,Northern Ireland,nation,2020-10-07,,828,,
N92000002,Northern Ireland,nation,2020-10-06,,669,,
N92000002,Northern Ireland,nation,2020-10-05,,616,,
N92000002,Northern Ireland,nation,2020-10-04,,462,,
N92000002,Northern Ireland,nation,2020-10-03,,726,,
N92000002,Northern Ireland,nation,2020-10-02,,934,,
N92000002,Northern Ireland,nation,2020-10-01,,259,,
N92000002,Northern Ireland,nation,2020-09-30,,424,,
N92000002,Northern Ireland,nation,2020-09-29,,320,,
N92000002,Northern Ireland,nation,2020-09-28,,220,,
N92000002,Northern Ireland,nation,2020-09-27,,187,,
N92000002,Northern Ireland,nation,2020-09-26,,319,,
N92000002,Northern Ireland,nation,2020-09-25,,273,,
N92000002,Northern Ireland,nation,2020-09-24,,189,,
N92000002,Northern Ireland,nation,2020-09-23,,220,,
N92000002,Northern Ireland,nation,2020-09-22,,75,,
N92000002,Northern Ireland,nation,2020-09-21,,125,,
N92000002,Northern Ireland,nation,2020-09-20,,176,,
N92000002,Northern Ireland,nation,2020-09-19,,222,,
N92000002,Northern Ireland,nation,2020-09-18,,163,,
N92000002,Northern Ireland,nation,2020-09-17,,149,,
N92000002,Northern Ireland,nation,2020-09-16,,129,,
N92000002,Northern Ireland,nation,2020-09-15,,79,,
N92000002,Northern Ireland,nation,2020-09-14,,109,,
N92000002,Northern Ireland,nation,2020-09-13,,87,,
N92000002,Northern Ireland,nation,2020-09-12,,104,,
N92000002,Northern Ireland,nation,2020-09-11,,88,,
N92000002,Northern Ireland,nation,2020-09-10,,78,,
N92000002,Northern Ireland,nation,2020-09-09,,49,,
N92000002,Northern Ireland,nation,2020-09-08,,40,,
N92000002,Northern Ireland,nation,2020-09-07,,141,,
N92000002,Northern Ireland,nation,2020-09-06,,106,,
N92000002,Northern Ireland,nation,2020-09-05,,118,,
N92000002,Northern Ireland,nation,2020-09-04,,61,,
N92000002,Northern Ireland,nation,2020-09-03,,77,,
N92000002,Northern Ireland,nation,2020-09-02,,71,,
N92000002,Northern Ireland,nation,2020-09-01,,49,,
N92000002,Northern Ireland,nation,2020-08-31,,58,,
N92000002,Northern Ireland,nation,2020-08-30,,49,,
N92000002,Northern Ireland,nation,2020-08-29,,89,,
N92000002,Northern Ireland,nation,2020-08-28,,85,,
N92000002,Northern Ireland,nation,2020-08-27,,69,,
N92000002,Northern Ireland,nation,2020-08-26,,72,,
N92000002,Northern Ireland,nation,2020-08-25,,47,,
N92000002,Northern Ireland,nation,2020-08-24,,10,,
N92000002,Northern Ireland,nation,2020-08-23,,119,,
N92000002,Northern Ireland,nation,2020-08-22,,71,,
N92000002,Northern Ireland,nation,2020-08-21,,20,,
N92000002,Northern Ireland,nation,2020-08-20,,51,,
N92000002,Northern Ireland,nation,2020-08-19,,34,,
N92000002,Northern Ireland,nation,2020-08-18,,41,,
N92000002,Northern Ireland,nation,2020-08-17,,39,,
N92000002,Northern Ireland,nation,2020-08-16,,27,,
N92000002,Northern Ireland,nation,2020-08-15,,65,,
N92000002,Northern Ireland,nation,2020-08-14,,74,,
N92000002,Northern Ireland,nation,2020-08-13,,8,,
N92000002,Northern Ireland,nation,2020-08-12,,29,,
N92000002,Northern Ireland,nation,2020-08-11,,48,,
N92000002,Northern Ireland,nation,2020-08-10,,0,,
N92000002,Northern Ireland,nation,2020-08-09,,0,,
N92000002,Northern Ireland,nation,2020-08-08,,0,,
N92000002,Northern Ireland,nation,2020-08-07,,15,,
N92000002,Northern Ireland,nation,2020-08-06,,43,,
N92000002,Northern Ireland,nation,2020-08-05,,10,,
N92000002,Northern Ireland,nation,2020-08-04,,8,,
N92000002,Northern Ireland,nation,2020-08-03,,0,,
N92000002,Northern Ireland,nation,2020-08-02,,0,,
N92000002,Northern Ireland,nation,2020-08-01,,0,,
N92000002,Northern Ireland,nation,2020-07-31,,10,,
N92000002,Northern Ireland,nation,2020-07-30,,8,,
N92000002,Northern Ireland,nation,2020-07-29,,9,,
N92000002,Northern Ireland,nation,2020-07-28,,9,,
N92000002,Northern Ireland,nation,2020-07-27,,0,,
N92000002,Northern Ireland,nation,2020-07-26,,0,,
N92000002,Northern Ireland,nation,2020-07-25,,0,,
N92000002,Northern Ireland,nation,2020-07-24,,15,,
N92000002,Northern Ireland,nation,2020-07-23,,8,,
N92000002,Northern Ireland,nation,2020-07-22,,9,,
N92000002,Northern Ireland,nation,2020-07-21,,2,,
N92000002,Northern Ireland,nation,2020-07-20,,0,,
N92000002,Northern Ireland,nation,2020-07-19,,0,,
N92000002,Northern Ireland,nation,2020-07-18,,0,,
N92000002,Northern Ireland,nation,2020-07-17,,19,,
N92000002,Northern Ireland,nation,2020-07-16,,16,,
N92000002,Northern Ireland,nation,2020-07-15,,9,,
N92000002,Northern Ireland,nation,2020-07-14,,2,,
N92000002,Northern Ireland,nation,2020-07-13,,0,,
N92000002,Northern Ireland,nation,2020-07-12,,0,,
N92000002,Northern Ireland,nation,2020-07-11,,0,,
N92000002,Northern Ireland,nation,2020-07-10,,4,,
N92000002,Northern Ireland,nation,2020-07-09,,3,,
N92000002,Northern Ireland,nation,2020-07-08,,4,,
N92000002,Northern Ireland,nation,2020-07-07,,5,,
N92000002,Northern Ireland,nation,2020-07-06,,0,,
N92000002,Northern Ireland,nation,2020-07-05,,0,,
N92000002,Northern Ireland,nation,2020-07-04,,0,,
N92000002,Northern Ireland,nation,2020-07-03,,4,,
N92000002,Northern Ireland,nation,2020-07-02,,7,,
N92000002,Northern Ireland,nation,2020-07-01,,1,,
N92000002,Northern Ireland,nation,2020-06-30,,3,,
N92000002,Northern Ireland,nation,2020-06-29,,6,,
N92000002,Northern Ireland,nation,2020-06-28,,1,,
N92000002,Northern Ireland,nation,2020-06-27,,2,,
N92000002,Northern Ireland,nation,2020-06-26,,4,,
N92000002,Northern Ireland,nation,2020-06-25,,1,,
N92000002,Northern Ireland,nation,2020-06-24,,2,,
N92000002,Northern Ireland,nation,2020-06-23,,0,,
N92000002,Northern Ireland,nation,2020-06-22,,1,,
N92000002,Northern Ireland,nation,2020-06-21,,4,,
N92000002,Northern Ireland,nation,2020-06-20,,0,,
N92000002,Northern Ireland,nation,2020-06-19,,3,,
N92000002,Northern Ireland,nation,2020-06-18,,1,,
N92000002,Northern Ireland,nation,2020-06-17,,8,,
N92000002,Northern Ireland,nation,2020-06-16,,2,,
N92000002,Northern Ireland,nation,2020-06-15,,4,,
N92000002,Northern Ireland,nation,2020-06-14,,7,,
N92000002,Northern Ireland,nation,2020-06-13,,3,,
N92000002,Northern Ireland,nation,2020-06-12,,16,,
N92000002,Northern Ireland,nation,2020-06-11,,4,,
N92000002,Northern Ireland,nation,2020-06-10,,13,,
N92000002,Northern Ireland,nation,2020-06-09,,3,,
N92000002,Northern Ireland,nation,2020-06-08,,6,,
N92000002,Northern Ireland,nation,2020-06-07,,6,,
N92000002,Northern Ireland,nation,2020-06-06,,14,,
N92000002,Northern Ireland,nation,2020-06-05,,3,,
N92000002,Northern Ireland,nation,2020-06-04,,33,,
N92000002,Northern Ireland,nation,2020-06-03,,8,,
N92000002,Northern Ireland,nation,2020-06-02,,4,,
N92000002,Northern Ireland,nation,2020-06-01,,12,,
N92000002,Northern Ireland,nation,2020-05-31,,7,,
N92000002,Northern Ireland,nation,2020-05-30,,13,,
N92000002,Northern Ireland,nation,2020-05-29,,17,,
N92000002,Northern Ireland,nation,2020-05-28,,16,,
N92000002,Northern Ireland,nation,2020-05-27,,26,,
N92000002,Northern Ireland,nation,2020-05-26,,28,,
N92000002,Northern Ireland,nation,2020-05-25,,39,,
N92000002,Northern Ireland,nation,2020-05-24,,25,,
N92000002,Northern Ireland,nation,2020-05-23,,41,,
N92000002,Northern Ireland,nation,2020-05-22,,23,,
N92000002,Northern Ireland,nation,2020-05-21,,42,,
N92000002,Northern Ireland,nation,2020-05-20,,18,,
N92000002,Northern Ireland,nation,2020-05-19,,20,,
N92000002,Northern Ireland,nation,2020-05-18,,16,,
N92000002,Northern Ireland,nation,2020-05-17,,28,,
N92000002,Northern Ireland,nation,2020-05-16,,40,,
N92000002,Northern Ireland,nation,2020-05-15,,26,,
N92000002,Northern Ireland,nation,2020-05-14,,38,,
N92000002,Northern Ireland,nation,2020-05-13,,60,,
N92000002,Northern Ireland,nation,2020-05-12,,44,,
N92000002,Northern Ireland,nation,2020-05-11,,30,,
N92000002,Northern Ireland,nation,2020-05-10,,41,,
N92000002,Northern Ireland,nation,2020-05-09,,56,,
N92000002,Northern Ireland,nation,2020-05-08,,38,,
N92000002,Northern Ireland,nation,2020-05-07,,50,,
N92000002,Northern Ireland,nation,2020-05-06,,53,,
N92000002,Northern Ireland,nation,2020-05-05,,45,,
N92000002,Northern Ireland,nation,2020-05-04,,69,,
N92000002,Northern Ireland,nation,2020-05-03,,78,,
N92000002,Northern Ireland,nation,2020-05-02,,66,,
N92000002,Northern Ireland,nation,2020-05-01,,87,,
N92000002,Northern Ireland,nation,2020-04-30,,73,,
N92000002,Northern Ireland,nation,2020-04-29,,55,,
N92000002,Northern Ireland,nation,2020-04-28,,34,,
N92000002,Northern Ireland,nation,2020-04-27,,66,,
N92000002,Northern Ireland,nation,2020-04-26,,82,,
N92000002,Northern Ireland,nation,2020-04-25,,104,,
N92000002,Northern Ireland,nation,2020-04-24,,106,,
N92000002,Northern Ireland,nation,2020-04-23,,142,,
N92000002,Northern Ireland,nation,2020-04-22,,116,,
N92000002,Northern Ireland,nation,2020-04-21,,30,,
N92000002,Northern Ireland,nation,2020-04-20,,83,,
N92000002,Northern Ireland,nation,2020-04-19,,159,,
N92000002,Northern Ireland,nation,2020-04-18,,148,,
N92000002,Northern Ireland,nation,2020-04-17,,137,,
N92000002,Northern Ireland,nation,2020-04-16,,113,,
N92000002,Northern Ireland,nation,2020-04-15,,121,,
N92000002,Northern Ireland,nation,2020-04-14,,85,,
N92000002,Northern Ireland,nation,2020-04-13,,76,,
N92000002,Northern Ireland,nation,2020-04-12,,89,,
N92000002,Northern Ireland,nation,2020-04-11,,128,,
N92000002,Northern Ireland,nation,2020-04-10,,112,,
N92000002,Northern Ireland,nation,2020-04-09,,138,,
N92000002,Northern Ireland,nation,2020-04-08,,84,,
N92000002,Northern Ireland,nation,2020-04-07,,97,,
N92000002,Northern Ireland,nation,2020-04-06,,69,,
N92000002,Northern Ireland,nation,2020-04-05,,91,,
N92000002,Northern Ireland,nation,2020-04-04,,94,,
N92000002,Northern Ireland,nation,2020-04-03,,130,,
N92000002,Northern Ireland,nation,2020-04-02,,85,,
N92000002,Northern Ireland,nation,2020-04-01,,103,,
N92000002,Northern Ireland,nation,2020-03-31,,53,,
N92000002,Northern Ireland,nation,2020-03-30,,123,,
N92000002,Northern Ireland,nation,2020-03-29,,86,,
N92000002,Northern Ireland,nation,2020-03-28,,49,,
N92000002,Northern Ireland,nation,2020-03-27,,34,,
N92000002,Northern Ireland,nation,2020-03-26,,32,,
N92000002,Northern Ireland,nation,2020-03-25,,37,,
N92000002,Northern Ireland,nation,2020-03-24,,24,,
N92000002,Northern Ireland,nation,2020-03-23,,20,,
N92000002,Northern Ireland,nation,2020-03-22,,20,,
N92000002,Northern Ireland,nation,2020-03-21,,22,,
N92000002,Northern Ireland,nation,2020-03-20,,9,,
N92000002,Northern Ireland,nation,2020-03-19,,9,,
N92000002,Northern Ireland,nation,2020-03-18,,6,,
N92000002,Northern Ireland,nation,2020-03-17,,10,,
N92000002,Northern Ireland,nation,2020-03-16,,7,,
N92000002,Northern Ireland,nation,2020-03-15,,11,,
N92000002,Northern Ireland,nation,2020-03-14,,5,,
N92000002,Northern Ireland,nation,2020-03-13,,10,,
N92000002,Northern Ireland,nation,2020-03-12,,1,,
N92000002,Northern Ireland,nation,2020-03-11,,2,,
N92000002,Northern Ireland,nation,2020-03-10,,0,,
N92000002,Northern Ireland,nation,2020-03-09,,3,,
N92000002,Northern Ireland,nation,2020-03-08,,5,,
N92000002,Northern Ireland,nation,2020-03-07,,2,,
N92000002,Northern Ireland,nation,2020-03-06,,2,,
